pair,ARI
louvain vs leiden,0.7854582731602949
louvain vs kmeans,0.5184733768083912
leiden vs kmeans,0.47339868467710133
